-- Créations des données de test

-- Comptes et utilisateurs
INSERT INTO COMPTE (idCompte) VALUES (id_compte.nextval);
INSERT INTO COMPTE (idCompte) VALUES (id_compte.nextval);
INSERT INTO COMPTE (idCompte) VALUES (id_compte.nextval);
INSERT INTO COMPTE (idCompte) VALUES (id_compte.nextval);
INSERT INTO COMPTE (idCompte) VALUES (id_compte.nextval);
INSERT INTO COMPTE (idCompte) VALUES (id_compte.nextval);
INSERT INTO COMPTE (idCompte) VALUES (id_compte.nextval);
INSERT INTO COMPTE (idCompte) VALUES (id_compte.nextval);
INSERT INTO COMPTE (idCompte) VALUES (id_compte.nextval);
INSERT INTO COMPTE (idCompte) VALUES (id_compte.nextval);
INSERT INTO Utilisateur (mailUtil, mdpUtil, nomUtil, prenomUtil, adrUtil, idCompte) VALUES ('root', 'root', 'ADMIN', 'Super', 'Anywhere', 1);
INSERT INTO Utilisateur (mailUtil, mdpUtil, nomUtil, prenomUtil, adrUtil, idCompte) VALUES ('root2', 'root2', 'Bernard', 'Jacques', '14 chemin neuf Grenoble 38000', 2);
INSERT INTO Utilisateur (mailUtil, mdpUtil, nomUtil, prenomUtil, adrUtil, idCompte) VALUES ('root3', 'root3', 'Tremblay', 'Etienne', '9 rue du loup Paris 75015', 3);
INSERT INTO Utilisateur (mailUtil, mdpUtil, nomUtil, prenomUtil, adrUtil, idCompte) VALUES ('root4', 'root4', 'Senneville', 'Dorene ', '48, rue de la Mare aux Carats, Montreuil 93100', 4);
INSERT INTO Utilisateur (mailUtil, mdpUtil, nomUtil, prenomUtil, adrUtil, idCompte) VALUES ('root5', 'root5', 'Lavallée', 'Baptiste ', '62, rue Reine Elisabeth, Menton 06500', 5);
INSERT INTO Utilisateur (mailUtil, mdpUtil, nomUtil, prenomUtil, adrUtil, idCompte) VALUES ('root6', 'root6', 'Berie', 'Telford ', '3, rue Pierre De Coubertin, Toulouse 31000', 6);
INSERT INTO Utilisateur (mailUtil, mdpUtil, nomUtil, prenomUtil, adrUtil, idCompte) VALUES ('root7', 'root7', 'DeGrasse', 'Grégoire', '66, place Maurice-Charretier, Charenton-le-Pont 94220', 7);
INSERT INTO Utilisateur (mailUtil, mdpUtil, nomUtil, prenomUtil, adrUtil, idCompte) VALUES ('root8', 'root8', 'Alexandre', 'Narcisse', '56, rue Porte d Orange, Cayenne 97300', 8);
INSERT INTO Utilisateur (mailUtil, mdpUtil, nomUtil, prenomUtil, adrUtil, idCompte) VALUES ('root9', 'root9', 'Laboissonnière', 'William', '73, boulevard d Alsace, Verdun 55100', 9);
INSERT INTO Utilisateur (mailUtil, mdpUtil, nomUtil, prenomUtil, adrUtil, idCompte) VALUES ('root10', 'root10', 'France', 'Sylvain', '98, rue Descartes, Strasbourg 67100', 10);

-- Catégories et liens
INSERT INTO Categorie (nomCategorie) VALUES ('High-Tech');
INSERT INTO Categorie (nomCategorie) VALUES ('Smartphones');
INSERT INTO Categorie (nomCategorie) VALUES ('Photo & Vidéo');
INSERT INTO Categorie (nomCategorie) VALUES ('Tablettes');
INSERT INTO APOURMERE (filleCategorie, mereCategorie) VALUES ('Smartphones', 'High-Tech');
INSERT INTO APOURMERE (filleCategorie, mereCategorie) VALUES ('Photo & Vidéo', 'High-Tech');
INSERT INTO APOURMERE (filleCategorie, mereCategorie) VALUES ('Tablettes', 'High-Tech');
INSERT INTO Categorie (nomCategorie) VALUES ('Accessoires de tablette');
INSERT INTO APOURMERE (filleCategorie, mereCategorie) VALUES ('Accessoires de tablette', 'Tablettes');
INSERT INTO Categorie (nomCategorie) VALUES ('Caméras de sport');
INSERT INTO Categorie (nomCategorie) VALUES ('Appareils photo numérique');
INSERT INTO APOURMERE (filleCategorie, mereCategorie) VALUES ('Caméras de sport', 'Photo & Vidéo');
INSERT INTO APOURMERE (filleCategorie, mereCategorie) VALUES ('Appareils photo numérique', 'Photo & Vidéo');
INSERT INTO Categorie (nomCategorie) VALUES ('Accessoires de smartphones');
INSERT INTO APOURMERE (filleCategorie, mereCategorie) VALUES ('Accessoires de smartphones', 'Smartphones');
INSERT INTO Categorie (nomCategorie) VALUES ('Chaussures');
INSERT INTO Categorie (nomCategorie) VALUES ('Chaussures de sport');
INSERT INTO Categorie (nomCategorie) VALUES ('Chaussures de ville');
INSERT INTO APOURMERE (filleCategorie, mereCategorie) VALUES ('Chaussures de sport', 'Chaussures');
INSERT INTO APOURMERE (filleCategorie, mereCategorie) VALUES ('Chaussures de ville', 'Chaussures');

-- Produits et caractéristiques
INSERT INTO PRODUIT (idProd, nomProd, prixCProd, descProd, urlProd, nomCategorie) VALUES (id_produit.nextval, 'Chaussures de sport NEXT', 39.99, 'Des chaussures qui conviennent à toute activité sportive.', '/chaussures_sport_next', 'Chaussures de sport');
INSERT INTO CARACPRODUIT (idProd, caracProd, valeurProd) VALUES (1, 'marque', 'NEXT');
INSERT INTO CARACPRODUIT (idProd, caracProd, valeurProd) VALUES (1, 'pointure', '44');
INSERT INTO CARACPRODUIT (idProd, caracProd, valeurProd) VALUES (1, 'couleur', 'Rouge et blanche') ;
INSERT INTO PRODUIT (idProd, nomProd, prixCProd, descProd, urlProd, nomCategorie) VALUES (id_produit.nextval, 'Chaussures de ville GEN', 69.99, 'La référence chaussure, GEN.', '/chaussures_ville_gen', 'Chaussures de ville');
INSERT INTO CARACPRODUIT (idProd, caracProd, valeurProd) VALUES (2, 'marque', 'GEN') ;
INSERT INTO CARACPRODUIT (idProd, caracProd, valeurProd) VALUES (2, 'pointure', '45') ;
INSERT INTO CARACPRODUIT (idProd, caracProd, valeurProd) VALUES (2, 'couleur', 'Bleue');
INSERT INTO PRODUIT (idProd, nomProd, prixCProd, descProd, urlProd, nomCategorie) VALUES (id_produit.nextval, 'Chaussures GEN2+ City', 89.99, 'Les dernières chaussures GEN+ City', '/chaussures_ville_gen2p', 'Chaussures de ville');
INSERT INTO CARACPRODUIT (idProd, caracProd, valeurProd) VALUES (3, 'marque', 'GEN') ;
INSERT INTO CARACPRODUIT (idProd, caracProd, valeurProd) VALUES (3, 'modele', 'GEN2+ City') ;
INSERT INTO CARACPRODUIT (idProd, caracProd, valeurProd) VALUES (3, 'pointure', '42') ;
INSERT INTO CARACPRODUIT (idProd, caracProd, valeurProd) VALUES (3, 'couleur', 'Bleue et blanche');
INSERT INTO PRODUIT (idProd, nomProd, prixCProd, descProd, urlProd, nomCategorie) VALUES (id_produit.nextval, 'Chaussures de ville GEN Limited Edition', 109.99, 'Première édition des chaussures GEN', '/chaussures_ville_gen_limited_edition', 'Chaussures de ville');
INSERT INTO CARACPRODUIT (idProd, caracProd, valeurProd) VALUES (4, 'marque', 'GEN') ;
INSERT INTO CARACPRODUIT (idProd, caracProd, valeurProd) VALUES (4, 'modele', 'GEN Limited Edition') ;
INSERT INTO CARACPRODUIT (idProd, caracProd, valeurProd) VALUES (4, 'pointure', '43') ;
INSERT INTO CARACPRODUIT (idProd, caracProd, valeurProd) VALUES (4, 'couleur', 'Bleue');
INSERT INTO PRODUIT (idProd, nomProd, prixCProd, descProd, urlProd, nomCategorie) VALUES (id_produit.nextval, 'Chaussures de ville GEN2-', 69.99, 'Les dernières chaussures GEN2-', '/chaussures_ville_gen2m', 'Chaussures de ville');
INSERT INTO CARACPRODUIT (idProd, caracProd, valeurProd) VALUES (5, 'marque', 'GEN') ;
INSERT INTO CARACPRODUIT (idProd, caracProd, valeurProd) VALUES (5, 'modele', 'GEN2- City') ;
INSERT INTO CARACPRODUIT (idProd, caracProd, valeurProd) VALUES (5, 'pointure', '45') ;
INSERT INTO CARACPRODUIT (idProd, caracProd, valeurProd) VALUES (5, 'couleur', 'Bleue');
INSERT INTO PRODUIT (idProd, nomProd, prixCProd, descProd, urlProd, nomCategorie) VALUES (id_produit.nextval, 'KODAX Pixel Pro', 229.99, 'Appareil Photo Compact 2.7K avec une résolution vidéo Full HD 2.7K', '/appareil_numerique_kodax_pix_pro', 'Appareils photo numérique');
INSERT INTO CARACPRODUIT (idProd, caracProd, valeurProd) VALUES (6, 'marque', 'KODAX');
INSERT INTO CARACPRODUIT (idProd, caracProd, valeurProd) VALUES (6, 'mémoire', '128 Go');
INSERT INTO CARACPRODUIT (idProd, caracProd, valeurProd) VALUES (6, 'zoom', 'Numérique 1-16x');
INSERT INTO CARACPRODUIT (idProd, caracProd, valeurProd) VALUES (6, 'couleur', 'Noir');
INSERT INTO PRODUIT (idProd, nomProd, prixCProd, descProd, urlProd, nomCategorie) VALUES (id_produit.nextval, 'Xioaminx 10 Pro', 299.00, 'Le Xioaminx 10 Pro possède les dernières technologies de caméra, profitez de ses 2 caméras intégrés pour exprimer votre créativité.', '/smartphone_xioaminx_10_pro', 'Smartphones');
INSERT INTO CARACPRODUIT (idProd, caracProd, valeurProd) VALUES (7, 'marque', 'Xioaxminx');
INSERT INTO CARACPRODUIT (idProd, caracProd, valeurProd) VALUES (7, 'OS', 'Android 10.1');
INSERT INTO CARACPRODUIT (idProd, caracProd, valeurProd) VALUES (7, 'RAM', '6 Go');
INSERT INTO CARACPRODUIT (idProd, caracProd, valeurProd) VALUES (7, 'display', 'AMOLED DotDisplay 6.67 pouces');
INSERT INTO CARACPRODUIT (idProd, caracProd, valeurProd) VALUES (7, 'couleur', 'Gris');
INSERT INTO PRODUIT (idProd, nomProd, prixCProd, descProd, urlProd, nomCategorie) VALUES (id_produit.nextval, 'ProGo HERO8', 329.00, 'Cette caméra offre aux vlogueurs, cinéastes professionnels et créateurs en herbe des possibilités jusqu’alors inimaginables.', '/camera_sport_progo_hero8', 'Caméras de sport');
INSERT INTO CARACPRODUIT (idProd, caracProd, valeurProd) VALUES (8, 'marque', 'ProGo');
INSERT INTO CARACPRODUIT (idProd, caracProd, valeurProd) VALUES (8, 'modèle', 'HERO8');
INSERT INTO CARACPRODUIT (idProd, caracProd, valeurProd) VALUES (8, 'couleur', 'Noir');
INSERT INTO CARACPRODUIT (idProd, caracProd, valeurProd) VALUES (8, 'zoom', 'Numérique 1x');
INSERT INTO CARACPRODUIT (idProd, caracProd, valeurProd) VALUES (8, 'display', 'LCD 1.95 pouces');
INSERT INTO CARACPRODUIT (idProd, caracProd, valeurProd) VALUES (8, 'resolution', '12.1 MP');
INSERT INTO PRODUIT (idProd, nomProd, prixCProd, descProd, urlProd, nomCategorie) VALUES (id_produit.nextval, 'HEAWUI MediaPad T3', 529.98, 'Découvrez le tout nouveau HarmonyOS 2 sur un grand écran OLED FullView de 12.6 pouces.', '/tablette_heawui_mediapad_t3', 'Tablettes');
INSERT INTO CARACPRODUIT (idProd, caracProd, valeurProd) VALUES (9, 'marque', 'HEAWUI');
INSERT INTO CARACPRODUIT (idProd, caracProd, valeurProd) VALUES (9, 'couleur', 'Blanc chromé');
INSERT INTO CARACPRODUIT (idProd, caracProd, valeurProd) VALUES (9, 'display', 'OLED FullView 12.6 pouces');
INSERT INTO CARACPRODUIT (idProd, caracProd, valeurProd) VALUES (9, 'OS', 'HarmonyOS 2');
INSERT INTO CARACPRODUIT (idProd, caracProd, valeurProd) VALUES (9, 'batterie', '10 050 mAh avec Wireless Charging disponible');
INSERT INTO PRODUIT (idProd, nomProd, prixCProd, descProd, urlProd, nomCategorie) VALUES (id_produit.nextval, 'HEAWUI MediaPad T2', 429.98, 'Découvrez le tout nouveau HarmonyOS 1.5 sur un grand écran OLED FullView de 11 pouces.', '/tablette_heawui_mediapad_t2', 'Tablettes');
INSERT INTO CARACPRODUIT (idProd, caracProd, valeurProd) VALUES (10, 'marque', 'HEAWUI');
INSERT INTO CARACPRODUIT (idProd, caracProd, valeurProd) VALUES (10, 'couleur', 'Noir chromé');
INSERT INTO CARACPRODUIT (idProd, caracProd, valeurProd) VALUES (10, 'display', 'OLED FullView 11 pouces');
INSERT INTO CARACPRODUIT (idProd, caracProd, valeurProd) VALUES (10, 'OS', 'HarmonyOS 1.5');
INSERT INTO CARACPRODUIT (idProd, caracProd, valeurProd) VALUES (10, 'batterie', '9 050 mAh avec Wireless Charging disponible');
INSERT INTO PRODUIT (idProd, nomProd, prixCProd, descProd, urlProd, nomCategorie) VALUES (id_produit.nextval, 'HEAWUI MediaPad T1', 329.98, 'Découvrez le tout nouveau HarmonyOS 1 sur un grand écran OLED FullView de 10.8 pouces.', '/tablette_heawui_mediapad_t1', 'Tablettes');
INSERT INTO CARACPRODUIT (idProd, caracProd, valeurProd) VALUES (11, 'marque', 'HEAWUI');
INSERT INTO CARACPRODUIT (idProd, caracProd, valeurProd) VALUES (11, 'couleur', 'Blanc');
INSERT INTO CARACPRODUIT (idProd, caracProd, valeurProd) VALUES (11, 'display', 'OLED FullView 10.8 pouces');
INSERT INTO CARACPRODUIT (idProd, caracProd, valeurProd) VALUES (11, 'OS', 'HarmonyOS 1');
INSERT INTO CARACPRODUIT (idProd, caracProd, valeurProd) VALUES (11, 'batterie', '8 050 mAh');
INSERT INTO PRODUIT (idProd, nomProd, prixCProd, descProd, urlProd, nomCategorie) VALUES (id_produit.nextval, 'HEAWUI M-Pencil for MediaPad', 49.99, 'Stylet HEAWUI M-Pencil de deuxième génération, réalisez vos chefs-d œuvre sur tablette comme si vous dessiniez sur du papier.', '/accessoire_tablette_heawui_mpencil_mediapad', 'Accessoires de tablette');
INSERT INTO CARACPRODUIT (idProd, caracProd, valeurProd) VALUES (12, 'couleur', 'Blanc chromé');
INSERT INTO CARACPRODUIT (idProd, caracProd, valeurProd) VALUES (12, 'marque', 'HEAWUI');
INSERT INTO CARACPRODUIT (idProd, caracProd, valeurProd) VALUES (12, 'compatibilité', 'Conçu pour HEAWUI MediaPad T1+ et M1+');
INSERT INTO PRODUIT (idProd, nomProd, prixCProd, descProd, urlProd, nomCategorie) VALUES (id_produit.nextval, 'Coque G4P pour Xioaminx 10 et 10 Pro', 19.99, 'Equipez votre nouveau smartphone Xioaminx d une coque Premium G4P !', '/accessoire_tablette_xioaminx_10_coque_g4p', 'Accessoires de smartphones');
INSERT INTO CARACPRODUIT (idProd, caracProd, valeurProd) VALUES (13, 'couleur', 'Rouge');
INSERT INTO CARACPRODUIT (idProd, caracProd, valeurProd) VALUES (13, 'marque', 'G4P');
INSERT INTO CARACPRODUIT (idProd, caracProd, valeurProd) VALUES (13, 'compatibilité', 'Conçu spécifiquement pour Xioaminx 10 ou 10 Pro');
INSERT INTO PRODUIT (idProd, nomProd, prixCProd, descProd, urlProd, nomCategorie) VALUES (id_produit.nextval, 'Coque TAR+ pour Xioaminx 10 et 10 Pro', 15.99, 'Equipez votre nouveau smartphone Xioaminx d une coque TAR+ !', '/accessoire_tablette_xioaminx_10_coque_tarp', 'Accessoires de smartphones');
INSERT INTO CARACPRODUIT (idProd, caracProd, valeurProd) VALUES (14, 'couleur', 'Bleue');
INSERT INTO CARACPRODUIT (idProd, caracProd, valeurProd) VALUES (14, 'marque', 'TAR+');
INSERT INTO CARACPRODUIT (idProd, caracProd, valeurProd) VALUES (14, 'compatibilité', 'Conçu spécifiquement pour Xioaminx 10 ou 10 Pro');
INSERT INTO PRODUIT (idProd, nomProd, prixCProd, descProd, urlProd, nomCategorie) VALUES (id_produit.nextval, 'Coque L33T pour Xioaminx 10 et 10 Pro', 25.99, 'Equipez votre nouveau smartphone Xioaminx d une coque L33T !', '/accessoire_tablette_xioaminx_10_coque_l33t', 'Accessoires de smartphones');
INSERT INTO CARACPRODUIT (idProd, caracProd, valeurProd) VALUES (15, 'couleur', 'Verte');
INSERT INTO CARACPRODUIT (idProd, caracProd, valeurProd) VALUES (15, 'marque', 'L33T');
INSERT INTO CARACPRODUIT (idProd, caracProd, valeurProd) VALUES (15, 'compatibilité', 'Conçu spécifiquement pour Xioaminx 10 ou 10 Pro');
INSERT INTO PRODUIT (idProd, nomProd, prixCProd, descProd, urlProd, nomCategorie) VALUES (id_produit.nextval, 'Coque W8 pour Xioaminx 10 et 10 Pro', 19.99, 'Equipez votre nouveau smartphone Xioaminx d une coque W8 !', '/accessoire_tablette_xioaminx_10_coque_w8', 'Accessoires de smartphones');
INSERT INTO CARACPRODUIT (idProd, caracProd, valeurProd) VALUES (16, 'couleur', 'Rouge');
INSERT INTO CARACPRODUIT (idProd, caracProd, valeurProd) VALUES (16, 'marque', 'W8');
INSERT INTO CARACPRODUIT (idProd, caracProd, valeurProd) VALUES (16, 'compatibilité', 'Conçu spécifiquement pour Xioaminx 10 ou 10 Pro');
INSERT INTO PRODUIT (idProd, nomProd, prixCProd, descProd, urlProd, nomCategorie) VALUES (id_produit.nextval, 'Coque 4U pour Xioaminx 10 et 10 Pro', 9.99, 'Equipez votre nouveau smartphone Xioaminx d une coque 4U !', '/accessoire_tablette_xioaminx_10_coque_4u', 'Accessoires de smartphones');
INSERT INTO CARACPRODUIT (idProd, caracProd, valeurProd) VALUES (17, 'couleur', 'Rose');
INSERT INTO CARACPRODUIT (idProd, caracProd, valeurProd) VALUES (17, 'marque', '4U');
INSERT INTO CARACPRODUIT (idProd, caracProd, valeurProd) VALUES (17, 'compatibilité', 'Conçu spécifiquement pour Xioaminx 10 ou 10 Pro');
INSERT INTO PRODUIT (idProd, nomProd, prixCProd, descProd, urlProd, nomCategorie) VALUES (id_produit.nextval, 'Coque L3D pour Xioaminx 10 et 10 Pro', 14.99, 'Equipez votre nouveau smartphone Xioaminx d une coque L3D !', '/accessoire_tablette_xioaminx_10_coque_l3d', 'Accessoires de smartphones');
INSERT INTO CARACPRODUIT (idProd, caracProd, valeurProd) VALUES (18, 'couleur', 'Jaune fluo');
INSERT INTO CARACPRODUIT (idProd, caracProd, valeurProd) VALUES (18, 'marque', 'L3D');
INSERT INTO CARACPRODUIT (idProd, caracProd, valeurProd) VALUES (18, 'compatibilité', 'Conçu spécifiquement pour Xioaminx 10 ou 10 Pro');
INSERT INTO PRODUIT (idProd, nomProd, prixCProd, descProd, urlProd, nomCategorie) VALUES (id_produit.nextval, 'Coque M4D pour Xioaminx 10 et 10 Pro', 11.99, 'Equipez votre nouveau smartphone Xioaminx d une coque M4D !', '/accessoire_tablette_xioaminx_10_coque_m4d', 'Accessoires de smartphones');
INSERT INTO CARACPRODUIT (idProd, caracProd, valeurProd) VALUES (19, 'couleur', 'Orange');
INSERT INTO CARACPRODUIT (idProd, caracProd, valeurProd) VALUES (19, 'marque', 'M4D');
INSERT INTO CARACPRODUIT (idProd, caracProd, valeurProd) VALUES (19, 'compatibilité', 'Conçu spécifiquement pour Xioaminx 10 ou 10 Pro');
INSERT INTO PRODUIT (idProd, nomProd, prixCProd, descProd, urlProd, nomCategorie) VALUES (id_produit.nextval, 'Coque M3D1 pour Xioaminx 10 et 10 Pro', 19.99, 'Equipez votre nouveau smartphone Xioaminx d une coque M3D1 !', '/accessoire_tablette_xioaminx_10_coque_m3d1', 'Accessoires de smartphones');
INSERT INTO CARACPRODUIT (idProd, caracProd, valeurProd) VALUES (20, 'couleur', 'Pourpre');
INSERT INTO CARACPRODUIT (idProd, caracProd, valeurProd) VALUES (20, 'marque', 'M3D1');
INSERT INTO CARACPRODUIT (idProd, caracProd, valeurProd) VALUES (20, 'compatibilité', 'Conçu spécifiquement pour Xioaminx 10 ou 10 Pro');
INSERT INTO PRODUIT (idProd, nomProd, prixCProd, descProd, urlProd, nomCategorie) VALUES (id_produit.nextval, 'Coque G4N pour Xioaminx 10 et 10 Pro', 10.99, 'Equipez votre nouveau smartphone Xioaminx d une coque G4N !', '/accessoire_tablette_xioaminx_10_coque_g4n', 'Accessoires de smartphones');
INSERT INTO CARACPRODUIT (idProd, caracProd, valeurProd) VALUES (21, 'couleur', 'Kaki');
INSERT INTO CARACPRODUIT (idProd, caracProd, valeurProd) VALUES (21, 'marque', 'G4N');
INSERT INTO CARACPRODUIT (idProd, caracProd, valeurProd) VALUES (21, 'compatibilité', 'Conçu spécifiquement pour Xioaminx 10 ou 10 Pro');
INSERT INTO PRODUIT (idProd, nomProd, prixCProd, descProd, urlProd, nomCategorie) VALUES (id_produit.nextval, 'Coque 4LT pour Xioaminx 10 et 10 Pro', 19.99, 'Equipez votre nouveau smartphone Xioaminx d une coque 4LT !', '/accessoire_tablette_xioaminx_10_coque_4lt', 'Accessoires de smartphones');
INSERT INTO CARACPRODUIT (idProd, caracProd, valeurProd) VALUES (22, 'couleur', 'Bleue ciel');
INSERT INTO CARACPRODUIT (idProd, caracProd, valeurProd) VALUES (22, 'marque', '4LT');
INSERT INTO CARACPRODUIT (idProd, caracProd, valeurProd) VALUES (22, 'compatibilité', 'Conçu spécifiquement pour Xioaminx 10 ou 10 Pro');
INSERT INTO PRODUIT (idProd, nomProd, prixCProd, descProd, urlProd, nomCategorie) VALUES (id_produit.nextval, 'Coque J4X pour Xioaminx 10 et 10 Pro', 23.99, 'Equipez votre nouveau smartphone Xioaminx d une coque J4X !', '/accessoire_tablette_xioaminx_10_coque_j4x', 'Accessoires de smartphones');
INSERT INTO CARACPRODUIT (idProd, caracProd, valeurProd) VALUES (23, 'couleur', 'Violette');
INSERT INTO CARACPRODUIT (idProd, caracProd, valeurProd) VALUES (23, 'marque', 'J4X');
INSERT INTO CARACPRODUIT (idProd, caracProd, valeurProd) VALUES (23, 'compatibilité', 'Conçu spécifiquement pour Xioaminx 10 ou 10 Pro');
INSERT INTO PRODUIT (idProd, nomProd, prixCProd, descProd, urlProd, nomCategorie) VALUES (id_produit.nextval, 'Coque P0W pour Xioaminx 10 et 10 Pro', 19.99, 'Equipez votre nouveau smartphone Xioaminx d une coque P0W !', '/accessoire_tablette_xioaminx_10_coque_p0w', 'Accessoires de smartphones');
INSERT INTO CARACPRODUIT (idProd, caracProd, valeurProd) VALUES (24, 'couleur', 'Noire');
INSERT INTO CARACPRODUIT (idProd, caracProd, valeurProd) VALUES (24, 'marque', 'P0W');
INSERT INTO CARACPRODUIT (idProd, caracProd, valeurProd) VALUES (24, 'compatibilité', 'Conçu spécifiquement pour Xioaminx 10 ou 10 Pro');
INSERT INTO PRODUIT (idProd, nomProd, prixCProd, descProd, urlProd, nomCategorie) VALUES (id_produit.nextval, 'Coque 9S pour Xioaminx 10 et 10 Pro', 14.99, 'Equipez votre nouveau smartphone Xioaminx d une coque 9S !', '/accessoire_tablette_xioaminx_10_coque_9s', 'Accessoires de smartphones');
INSERT INTO CARACPRODUIT (idProd, caracProd, valeurProd) VALUES (25, 'couleur', 'Blanche');
INSERT INTO CARACPRODUIT (idProd, caracProd, valeurProd) VALUES (25, 'marque', '9S');
INSERT INTO CARACPRODUIT (idProd, caracProd, valeurProd) VALUES (25, 'compatibilité', 'Conçu spécifiquement pour Xioaminx 10 ou 10 Pro');
INSERT INTO PRODUIT (idProd, nomProd, prixCProd, descProd, urlProd, nomCategorie) VALUES (id_produit.nextval, 'Coque 2B pour Xioaminx 10 et 10 Pro', 14.99, 'Equipez votre nouveau smartphone Xioaminx d une coque 2B !', '/accessoire_tablette_xioaminx_10_coque_2b', 'Accessoires de smartphones');
INSERT INTO CARACPRODUIT (idProd, caracProd, valeurProd) VALUES (26, 'couleur', 'Blanche');
INSERT INTO CARACPRODUIT (idProd, caracProd, valeurProd) VALUES (26, 'marque', '2B');
INSERT INTO CARACPRODUIT (idProd, caracProd, valeurProd) VALUES (26, 'compatibilité', 'Conçu spécifiquement pour Xioaminx 10 ou 10 Pro');
INSERT INTO PRODUIT (idProd, nomProd, prixCProd, descProd, urlProd, nomCategorie) VALUES (id_produit.nextval, 'Coque FL0 pouér Xioaminx 10 et 10 Pro', 10.99, 'Equipez votre nouveau smartphone Xioaminx d une coque FL0 !', '/accessoire_tablette_xioaminx_10_coque_fl0', 'Accessoires de smartphones');
INSERT INTO CARACPRODUIT (idProd, caracProd, valeurProd) VALUES (27, 'couleur', 'Orange');
INSERT INTO CARACPRODUIT (idProd, caracProd, valeurProd) VALUES (27, 'marque', 'FL0');
INSERT INTO CARACPRODUIT (idProd, caracProd, valeurProd) VALUES (27, 'compatibilité', 'Conçu spécifiquement pour Xioaminx 10 ou 10 Pro');
INSERT INTO PRODUIT (idProd, nomProd, prixCProd, descProd, urlProd, nomCategorie) VALUES (id_produit.nextval, 'Coque FR3D pour Xioaminx 10 et 10 Pro', 19.99, 'Equipez votre nouveau smartphone Xioaminx d une coque FR3D !', '/accessoire_tablette_xioaminx_10_coque_fr3d', 'Accessoires de smartphones');
INSERT INTO CARACPRODUIT (idProd, caracProd, valeurProd) VALUES (28, 'couleur', 'Bleue, blanche et rouge');
INSERT INTO CARACPRODUIT (idProd, caracProd, valeurProd) VALUES (28, 'marque', 'FR3D');
INSERT INTO CARACPRODUIT (idProd, caracProd, valeurProd) VALUES (28, 'compatibilité', 'Conçu spécifiquement pour Xioaminx 10 ou 10 Pro');
INSERT INTO PRODUIT (idProd, nomProd, prixCProd, descProd, urlProd, nomCategorie) VALUES (id_produit.nextval, 'Coque L0L pour Xioaminx 10 et 10 Pro', 19.99, 'Equipez votre nouveau smartphone Xioaminx d une coque L0L !', '/accessoire_tablette_xioaminx_10_coque_l0l', 'Accessoires de smartphones');
INSERT INTO CARACPRODUIT (idProd, caracProd, valeurProd) VALUES (29, 'couleur', 'Jaune');
INSERT INTO CARACPRODUIT (idProd, caracProd, valeurProd) VALUES (29, 'marque', 'L0L');
INSERT INTO CARACPRODUIT (idProd, caracProd, valeurProd) VALUES (29, 'compatibilité', 'Conçu spécifiquement pour Xioaminx 10 ou 10 Pro');

-- ! Offres
INSERT INTO OFFRE (idProd, dateOffre, prixOffre, idCompte) VALUES (1, TO_DATE('2021/11/17 10:00:00', 'yyyy/mm/dd hh24:mi:ss'), 374.99, 8);
UPDATE PRODUIT SET PrixCProd=374.99 WHERE IDPROD=1;
INSERT INTO OFFRE (idProd, dateOffre, prixOffre, idCompte) VALUES (1, TO_DATE('2021/11/17 10:00:01', 'yyyy/mm/dd hh24:mi:ss'), 382.99, 1);
UPDATE PRODUIT SET PrixCProd=382.99 WHERE IDPROD=1;
INSERT INTO OFFRE (idProd, dateOffre, prixOffre, idCompte) VALUES (1, TO_DATE('2021/11/17 10:00:02', 'yyyy/mm/dd hh24:mi:ss'), 581.99, 9);
UPDATE PRODUIT SET PrixCProd=581.99 WHERE IDPROD=1;
INSERT INTO OFFRE (idProd, dateOffre, prixOffre, idCompte) VALUES (1, TO_DATE('2021/11/17 10:00:03', 'yyyy/mm/dd hh24:mi:ss'), 761.99, 3);
UPDATE PRODUIT SET PrixCProd=761.99 WHERE IDPROD=1;
INSERT INTO OFFRE (idProd, dateOffre, prixOffre, idCompte) VALUES (2, TO_DATE('2021/11/17 10:00:04', 'yyyy/mm/dd hh24:mi:ss'), 533.99, 7);
UPDATE PRODUIT SET PrixCProd=533.99 WHERE IDPROD=2;
INSERT INTO OFFRE (idProd, dateOffre, prixOffre, idCompte) VALUES (2, TO_DATE('2021/11/17 10:00:05', 'yyyy/mm/dd hh24:mi:ss'), 785.99, 7);
UPDATE PRODUIT SET PrixCProd=785.99 WHERE IDPROD=2;
INSERT INTO OFFRE (idProd, dateOffre, prixOffre, idCompte) VALUES (2, TO_DATE('2021/11/17 10:00:06', 'yyyy/mm/dd hh24:mi:ss'), 1123.99, 9);
UPDATE PRODUIT SET PrixCProd=1123.99 WHERE IDPROD=2;
INSERT INTO OFFRE (idProd, dateOffre, prixOffre, idCompte) VALUES (2, TO_DATE('2021/11/17 10:00:07', 'yyyy/mm/dd hh24:mi:ss'), 1592.99, 8);
UPDATE PRODUIT SET PrixCProd=1592.99 WHERE IDPROD=2;
INSERT INTO OFFRE (idProd, dateOffre, prixOffre, idCompte) VALUES (2, TO_DATE('2021/11/17 10:00:08', 'yyyy/mm/dd hh24:mi:ss'), 1699.99, 8);
UPDATE PRODUIT SET PrixCProd=1699.99 WHERE IDPROD=2;
INSERT INTO OFFREGAGNANTE(dateOffre, idProd) VALUES (TO_DATE('2021/11/17 10:00:08', 'yyyy/mm/dd hh24:mi:ss'), 2);
INSERT INTO OFFRE (idProd, dateOffre, prixOffre, idCompte) VALUES (3, TO_DATE('2021/11/17 10:00:09', 'yyyy/mm/dd hh24:mi:ss'), 230.99, 4);
UPDATE PRODUIT SET PrixCProd=230.99 WHERE IDPROD=3;
INSERT INTO OFFRE (idProd, dateOffre, prixOffre, idCompte) VALUES (3, TO_DATE('2021/11/17 10:00:10', 'yyyy/mm/dd hh24:mi:ss'), 635.99, 6);
UPDATE PRODUIT SET PrixCProd=635.99 WHERE IDPROD=3;
INSERT INTO OFFRE (idProd, dateOffre, prixOffre, idCompte) VALUES (3, TO_DATE('2021/11/17 10:00:11', 'yyyy/mm/dd hh24:mi:ss'), 789.99, 4);
UPDATE PRODUIT SET PrixCProd=789.99 WHERE IDPROD=3;
INSERT INTO OFFRE (idProd, dateOffre, prixOffre, idCompte) VALUES (3, TO_DATE('2021/11/17 10:00:12', 'yyyy/mm/dd hh24:mi:ss'), 1150.99, 1);
UPDATE PRODUIT SET PrixCProd=1150.99 WHERE IDPROD=3;
INSERT INTO OFFRE (idProd, dateOffre, prixOffre, idCompte) VALUES (4, TO_DATE('2021/11/17 10:00:13', 'yyyy/mm/dd hh24:mi:ss'), 484.99, 1);
UPDATE PRODUIT SET PrixCProd=484.99 WHERE IDPROD=4;
INSERT INTO OFFRE (idProd, dateOffre, prixOffre, idCompte) VALUES (4, TO_DATE('2021/11/17 10:00:14', 'yyyy/mm/dd hh24:mi:ss'), 922.99, 1);
UPDATE PRODUIT SET PrixCProd=922.99 WHERE IDPROD=4;
INSERT INTO OFFRE (idProd, dateOffre, prixOffre, idCompte) VALUES (4, TO_DATE('2021/11/17 10:00:15', 'yyyy/mm/dd hh24:mi:ss'), 1358.99, 7);
UPDATE PRODUIT SET PrixCProd=1358.99 WHERE IDPROD=4;
INSERT INTO OFFRE (idProd, dateOffre, prixOffre, idCompte) VALUES (4, TO_DATE('2021/11/17 10:00:16', 'yyyy/mm/dd hh24:mi:ss'), 1517.99, 2);
UPDATE PRODUIT SET PrixCProd=1517.99 WHERE IDPROD=4;
INSERT INTO OFFRE (idProd, dateOffre, prixOffre, idCompte) VALUES (4, TO_DATE('2021/11/17 10:00:17', 'yyyy/mm/dd hh24:mi:ss'), 1892.99, 7);
UPDATE PRODUIT SET PrixCProd=1892.99 WHERE IDPROD=4;
INSERT INTO OFFREGAGNANTE(dateOffre, idProd) VALUES (TO_DATE('2021/11/17 10:00:17', 'yyyy/mm/dd hh24:mi:ss'), 4);
INSERT INTO OFFRE (idProd, dateOffre, prixOffre, idCompte) VALUES (5, TO_DATE('2021/11/17 10:00:18', 'yyyy/mm/dd hh24:mi:ss'), 400.99, 9);
UPDATE PRODUIT SET PrixCProd=400.99 WHERE IDPROD=5;
INSERT INTO OFFRE (idProd, dateOffre, prixOffre, idCompte) VALUES (6, TO_DATE('2021/11/17 10:00:19', 'yyyy/mm/dd hh24:mi:ss'), 423.99, 2);
UPDATE PRODUIT SET PrixCProd=423.99 WHERE IDPROD=6;
INSERT INTO OFFRE (idProd, dateOffre, prixOffre, idCompte) VALUES (6, TO_DATE('2021/11/17 10:00:20', 'yyyy/mm/dd hh24:mi:ss'), 896.99, 4);
UPDATE PRODUIT SET PrixCProd=896.99 WHERE IDPROD=6;
INSERT INTO OFFRE (idProd, dateOffre, prixOffre, idCompte) VALUES (6, TO_DATE('2021/11/17 10:00:21', 'yyyy/mm/dd hh24:mi:ss'), 1113.99, 4);
UPDATE PRODUIT SET PrixCProd=1113.99 WHERE IDPROD=6;
INSERT INTO OFFRE (idProd, dateOffre, prixOffre, idCompte) VALUES (6, TO_DATE('2021/11/17 10:00:22', 'yyyy/mm/dd hh24:mi:ss'), 1191.99, 3);
UPDATE PRODUIT SET PrixCProd=1191.99 WHERE IDPROD=6;
INSERT INTO OFFRE (idProd, dateOffre, prixOffre, idCompte) VALUES (7, TO_DATE('2021/11/17 10:00:23', 'yyyy/mm/dd hh24:mi:ss'), 446.0, 9);
UPDATE PRODUIT SET PrixCProd=446.0 WHERE IDPROD=7;
INSERT INTO OFFRE (idProd, dateOffre, prixOffre, idCompte) VALUES (7, TO_DATE('2021/11/17 10:00:24', 'yyyy/mm/dd hh24:mi:ss'), 889.0, 4);
UPDATE PRODUIT SET PrixCProd=889.0 WHERE IDPROD=7;
INSERT INTO OFFRE (idProd, dateOffre, prixOffre, idCompte) VALUES (7, TO_DATE('2021/11/17 10:00:25', 'yyyy/mm/dd hh24:mi:ss'), 1384.0, 7);
UPDATE PRODUIT SET PrixCProd=1384.0 WHERE IDPROD=7;
INSERT INTO OFFRE (idProd, dateOffre, prixOffre, idCompte) VALUES (7, TO_DATE('2021/11/17 10:00:26', 'yyyy/mm/dd hh24:mi:ss'), 1702.0, 2);
UPDATE PRODUIT SET PrixCProd=1702.0 WHERE IDPROD=7;
INSERT INTO OFFRE (idProd, dateOffre, prixOffre, idCompte) VALUES (7, TO_DATE('2021/11/17 10:00:27', 'yyyy/mm/dd hh24:mi:ss'), 1982.0, 3);
UPDATE PRODUIT SET PrixCProd=1982.0 WHERE IDPROD=7;
INSERT INTO OFFREGAGNANTE(dateOffre, idProd) VALUES (TO_DATE('2021/11/17 10:00:27', 'yyyy/mm/dd hh24:mi:ss'), 7);
INSERT INTO OFFRE (idProd, dateOffre, prixOffre, idCompte) VALUES (8, TO_DATE('2021/11/17 10:00:28', 'yyyy/mm/dd hh24:mi:ss'), 388.0, 7);
UPDATE PRODUIT SET PrixCProd=388.0 WHERE IDPROD=8;
INSERT INTO OFFRE (idProd, dateOffre, prixOffre, idCompte) VALUES (8, TO_DATE('2021/11/17 10:00:29', 'yyyy/mm/dd hh24:mi:ss'), 608.0, 6);
UPDATE PRODUIT SET PrixCProd=608.0 WHERE IDPROD=8;
INSERT INTO OFFRE (idProd, dateOffre, prixOffre, idCompte) VALUES (8, TO_DATE('2021/11/17 10:00:30', 'yyyy/mm/dd hh24:mi:ss'), 679.0, 6);
UPDATE PRODUIT SET PrixCProd=679.0 WHERE IDPROD=8;
INSERT INTO OFFRE (idProd, dateOffre, prixOffre, idCompte) VALUES (9, TO_DATE('2021/11/17 10:00:31', 'yyyy/mm/dd hh24:mi:ss'), 854.98, 3);
UPDATE PRODUIT SET PrixCProd=854.98 WHERE IDPROD=9;
INSERT INTO OFFRE (idProd, dateOffre, prixOffre, idCompte) VALUES (9, TO_DATE('2021/11/17 10:00:32', 'yyyy/mm/dd hh24:mi:ss'), 1046.98, 9);
UPDATE PRODUIT SET PrixCProd=1046.98 WHERE IDPROD=9;
INSERT INTO OFFRE (idProd, dateOffre, prixOffre, idCompte) VALUES (9, TO_DATE('2021/11/17 10:00:33', 'yyyy/mm/dd hh24:mi:ss'), 1517.98, 5);
UPDATE PRODUIT SET PrixCProd=1517.98 WHERE IDPROD=9;
INSERT INTO OFFRE (idProd, dateOffre, prixOffre, idCompte) VALUES (10, TO_DATE('2021/11/17 10:00:34', 'yyyy/mm/dd hh24:mi:ss'), 651.98, 5);
UPDATE PRODUIT SET PrixCProd=651.98 WHERE IDPROD=10;
INSERT INTO OFFRE (idProd, dateOffre, prixOffre, idCompte) VALUES (10, TO_DATE('2021/11/17 10:00:35', 'yyyy/mm/dd hh24:mi:ss'), 847.98, 3);
UPDATE PRODUIT SET PrixCProd=847.98 WHERE IDPROD=10;
INSERT INTO OFFRE (idProd, dateOffre, prixOffre, idCompte) VALUES (10, TO_DATE('2021/11/17 10:00:36', 'yyyy/mm/dd hh24:mi:ss'), 897.98, 8);
UPDATE PRODUIT SET PrixCProd=897.98 WHERE IDPROD=10;
INSERT INTO OFFRE (idProd, dateOffre, prixOffre, idCompte) VALUES (10, TO_DATE('2021/11/17 10:00:37', 'yyyy/mm/dd hh24:mi:ss'), 1136.98, 2);
UPDATE PRODUIT SET PrixCProd=1136.98 WHERE IDPROD=10;
INSERT INTO OFFRE (idProd, dateOffre, prixOffre, idCompte) VALUES (10, TO_DATE('2021/11/17 10:00:38', 'yyyy/mm/dd hh24:mi:ss'), 1222.98, 2);
UPDATE PRODUIT SET PrixCProd=1222.98 WHERE IDPROD=10;
INSERT INTO OFFREGAGNANTE(dateOffre, idProd) VALUES (TO_DATE('2021/11/17 10:00:38', 'yyyy/mm/dd hh24:mi:ss'), 10);
INSERT INTO OFFRE (idProd, dateOffre, prixOffre, idCompte) VALUES (11, TO_DATE('2021/11/17 10:00:39', 'yyyy/mm/dd hh24:mi:ss'), 468.98, 1);
UPDATE PRODUIT SET PrixCProd=468.98 WHERE IDPROD=11;
INSERT INTO OFFRE (idProd, dateOffre, prixOffre, idCompte) VALUES (11, TO_DATE('2021/11/17 10:00:40', 'yyyy/mm/dd hh24:mi:ss'), 510.98, 5);
UPDATE PRODUIT SET PrixCProd=510.98 WHERE IDPROD=11;
INSERT INTO OFFRE (idProd, dateOffre, prixOffre, idCompte) VALUES (11, TO_DATE('2021/11/17 10:00:41', 'yyyy/mm/dd hh24:mi:ss'), 863.98, 1);
UPDATE PRODUIT SET PrixCProd=863.98 WHERE IDPROD=11;
INSERT INTO OFFRE (idProd, dateOffre, prixOffre, idCompte) VALUES (11, TO_DATE('2021/11/17 10:00:42', 'yyyy/mm/dd hh24:mi:ss'), 1135.98, 2);
UPDATE PRODUIT SET PrixCProd=1135.98 WHERE IDPROD=11;
INSERT INTO OFFRE (idProd, dateOffre, prixOffre, idCompte) VALUES (11, TO_DATE('2021/11/17 10:00:43', 'yyyy/mm/dd hh24:mi:ss'), 1377.98, 6);
UPDATE PRODUIT SET PrixCProd=1377.98 WHERE IDPROD=11;
INSERT INTO OFFREGAGNANTE(dateOffre, idProd) VALUES (TO_DATE('2021/11/17 10:00:43', 'yyyy/mm/dd hh24:mi:ss'), 11);
INSERT INTO OFFRE (idProd, dateOffre, prixOffre, idCompte) VALUES (12, TO_DATE('2021/11/17 10:00:44', 'yyyy/mm/dd hh24:mi:ss'), 218.99, 4);
UPDATE PRODUIT SET PrixCProd=218.99 WHERE IDPROD=12;
INSERT INTO OFFRE (idProd, dateOffre, prixOffre, idCompte) VALUES (12, TO_DATE('2021/11/17 10:00:45', 'yyyy/mm/dd hh24:mi:ss'), 538.99, 7);
UPDATE PRODUIT SET PrixCProd=538.99 WHERE IDPROD=12;
INSERT INTO OFFRE (idProd, dateOffre, prixOffre, idCompte) VALUES (13, TO_DATE('2021/11/17 10:00:46', 'yyyy/mm/dd hh24:mi:ss'), 97.99, 7);
UPDATE PRODUIT SET PrixCProd=97.99 WHERE IDPROD=13;
INSERT INTO OFFRE (idProd, dateOffre, prixOffre, idCompte) VALUES (13, TO_DATE('2021/11/17 10:00:47', 'yyyy/mm/dd hh24:mi:ss'), 502.99, 8);
UPDATE PRODUIT SET PrixCProd=502.99 WHERE IDPROD=13;
INSERT INTO OFFRE (idProd, dateOffre, prixOffre, idCompte) VALUES (14, TO_DATE('2021/11/17 10:00:48', 'yyyy/mm/dd hh24:mi:ss'), 441.99, 6);
UPDATE PRODUIT SET PrixCProd=441.99 WHERE IDPROD=14;
INSERT INTO OFFRE (idProd, dateOffre, prixOffre, idCompte) VALUES (14, TO_DATE('2021/11/17 10:00:49', 'yyyy/mm/dd hh24:mi:ss'), 894.99, 2);
UPDATE PRODUIT SET PrixCProd=894.99 WHERE IDPROD=14;
INSERT INTO OFFRE (idProd, dateOffre, prixOffre, idCompte) VALUES (15, TO_DATE('2021/11/17 10:00:50', 'yyyy/mm/dd hh24:mi:ss'), 66.99, 4);
UPDATE PRODUIT SET PrixCProd=66.99 WHERE IDPROD=15;
INSERT INTO OFFRE (idProd, dateOffre, prixOffre, idCompte) VALUES (17, TO_DATE('2021/11/17 10:00:51', 'yyyy/mm/dd hh24:mi:ss'), 191.99, 5);
UPDATE PRODUIT SET PrixCProd=191.99 WHERE IDPROD=17;
INSERT INTO OFFRE (idProd, dateOffre, prixOffre, idCompte) VALUES (18, TO_DATE('2021/11/17 10:00:52', 'yyyy/mm/dd hh24:mi:ss'), 272.99, 6);
UPDATE PRODUIT SET PrixCProd=272.99 WHERE IDPROD=18;
INSERT INTO OFFRE (idProd, dateOffre, prixOffre, idCompte) VALUES (18, TO_DATE('2021/11/17 10:00:53', 'yyyy/mm/dd hh24:mi:ss'), 759.99, 8);
UPDATE PRODUIT SET PrixCProd=759.99 WHERE IDPROD=18;
INSERT INTO OFFRE (idProd, dateOffre, prixOffre, idCompte) VALUES (18, TO_DATE('2021/11/17 10:00:54', 'yyyy/mm/dd hh24:mi:ss'), 984.99, 1);
UPDATE PRODUIT SET PrixCProd=984.99 WHERE IDPROD=18;
INSERT INTO OFFRE (idProd, dateOffre, prixOffre, idCompte) VALUES (18, TO_DATE('2021/11/17 10:00:55', 'yyyy/mm/dd hh24:mi:ss'), 1365.99, 1);
UPDATE PRODUIT SET PrixCProd=1365.99 WHERE IDPROD=18;
INSERT INTO OFFRE (idProd, dateOffre, prixOffre, idCompte) VALUES (19, TO_DATE('2021/11/17 10:00:56', 'yyyy/mm/dd hh24:mi:ss'), 95.99, 2);
UPDATE PRODUIT SET PrixCProd=95.99 WHERE IDPROD=19;
INSERT INTO OFFRE (idProd, dateOffre, prixOffre, idCompte) VALUES (22, TO_DATE('2021/11/17 10:00:57', 'yyyy/mm/dd hh24:mi:ss'), 300.99, 5);
UPDATE PRODUIT SET PrixCProd=300.99 WHERE IDPROD=22;
INSERT INTO OFFRE (idProd, dateOffre, prixOffre, idCompte) VALUES (22, TO_DATE('2021/11/17 10:00:58', 'yyyy/mm/dd hh24:mi:ss'), 402.99, 8);
UPDATE PRODUIT SET PrixCProd=402.99 WHERE IDPROD=22;
INSERT INTO OFFRE (idProd, dateOffre, prixOffre, idCompte) VALUES (24, TO_DATE('2021/11/17 10:00:59', 'yyyy/mm/dd hh24:mi:ss'), 392.99, 9);
UPDATE PRODUIT SET PrixCProd=392.99 WHERE IDPROD=24;
INSERT INTO OFFRE (idProd, dateOffre, prixOffre, idCompte) VALUES (28, TO_DATE('2021/11/17 10:01:00', 'yyyy/mm/dd hh24:mi:ss'), 274.99, 1);
UPDATE PRODUIT SET PrixCProd=274.99 WHERE IDPROD=28;

-- Commit
COMMIT;